{"cameraMode":{"drawMode":0,"name":"Shaded","section":"Shading Mode"},"sceneLighting":true,"audioPlay":false,"sceneViewState":{"m_AlwaysRefresh":false,"showFog":true,"showSkybox":true,"showFlares":true,"showImageEffects":true,"showParticleSystems":true,"showVisualEffectGraphs":true,"m_FxEnabled":true},"in2DMode":false,"pivot":{"x":-0.4861026704311371,"y":1.5095643997192383,"z":-0.7853584289550781},"rotation":{"x":-0.25968530774116518,"y":0.028094418346881868,"z":-0.007558394223451614,"w":-0.9652560353279114},"size":2.934854507446289,"orthographic":false}